path,path_abs,func,timestamp
package:fda,NA,base::library,2021-05-18T16:41:13Z
package:tidyverse,NA,base::library,2021-05-18T16:41:15Z
package:data.table,NA,base::library,2021-05-18T16:41:16Z
package:caret,NA,base::library,2021-05-18T16:41:16Z
package:RColorBrewer,NA,base::library,2021-05-18T16:41:16Z
package:fda,NA,base::library,2021-05-18T16:42:15Z
package:tidyverse,NA,base::library,2021-05-18T16:42:15Z
package:data.table,NA,base::library,2021-05-18T16:42:15Z
package:caret,NA,base::library,2021-05-18T16:42:15Z
package:RColorBrewer,NA,base::library,2021-05-18T16:42:15Z
package:tinytex,NA,base::library,2021-05-18T16:43:19Z
package:R.matlab,NA,base::library,2021-05-18T16:43:19Z
package:fda,NA,base::library,2021-05-18T16:57:21Z
package:tidyverse,NA,base::library,2021-05-18T16:57:21Z
package:data.table,NA,base::library,2021-05-18T16:57:21Z
package:caret,NA,base::library,2021-05-18T16:57:21Z
package:RColorBrewer,NA,base::library,2021-05-18T16:57:21Z
